checkpoint,n_picks,topn_hit,top5_hit,base_rate,lift_topn,lift_top5,median_fav_move,pct_capturable,mean_picks_hit,churn
09:25,2480,0.730241935483871,0.7879032258064517,0.3942493356529719,0.3359925998308991,0.3936538901534798,0.011722786581471864,0.652016129032258,7.30241935483871,0.22862903225806452
09:45,2480,0.7592741935483871,0.8233870967741935,0.3942493356529719,0.3650248578954152,0.42913776112122165,0.010452596232896055,0.6173387096774193,7.592741935483871,0.12499999999999989
10:00,2480,0.7685483870967742,0.825,0.3942493356529719,0.3742990514438023,0.4307506643470281,0.00986928781784404,0.5818548387096775,7.685483870967742,0.10967741935483866
10:15,2480,0.7814516129032258,0.8290322580645161,0.3942493356529719,0.38720227725025397,0.4347829224115442,0.009420089466084849,0.5794354838709678,7.814516129032258,0.09193548387096773
10:30,2480,0.7842741935483871,0.8443548387096774,0.3942493356529719,0.39002485789541524,0.45010550305670555,0.008587764578794033,0.542741935483871,7.842741935483871,0.07903225806451597
10:45,2480,0.790725806451613,0.8419354838709677,0.3942493356529719,0.39647647079864107,0.44768614821799585,0.00851294085883245,0.5399193548387097,7.907258064516129,0.07701612903225796
11:00,2480,0.7963709677419355,0.8516129032258064,0.3942493356529719,0.4021216320889636,0.45736356757283453,0.008102919047219374,0.5294354838709677,7.963709677419355,0.06532258064516128
11:15,2480,0.7995967741935484,0.853225806451613,0.3942493356529719,0.4053474385405765,0.45897647079864107,0.008024271842032514,0.5205645161290322,7.995967741935484,0.06491935483870959
11:30,2480,0.802016129032258,0.853225806451613,0.3942493356529719,0.4077667933792862,0.45897647079864107,0.007475488417851214,0.49879032258064515,8.02016129032258,
